absolute-filepath,direction,sample.id,sample,plate,survey-date,Plot,Treatment,Block,Column,Row
$PWD/plots/ITS1_01_GCCTTCCA-CACTAATG_S1_L001_R1_001.fastq.gz,forward,ITS1,1,1,4/30/22,1,none,1,1,1
$PWD/plots/ITS2_02_TGTCCAGA-TTCTAGAC_S93_L001_R1_001.fastq.gz,forward,ITS2,2,2,4/30/22,2,none,1,3,1
$PWD/plots/ITS3_01_AGTCGTCA-TAACTCTG_S104_L001_R1_001.fastq.gz,forward,ITS3,3,1,4/30/22,3,high,2,5,1
$PWD/plots/ITS4_01_ATAGGCTC-CACTAATG_S115_L001_R1_001.fastq.gz,forward,ITS4,4,1,4/30/22,4,high,2,7,1
$PWD/plots/ITS5_02_CGGTACAT-CCACAGGT_S127_L001_R1_001.fastq.gz,forward,ITS5,5,2,4/30/22,5,high,3,9,1
$PWD/plots/ITS6_01_TGAATCCG-CACTAATG_S139_L001_R1_001.fastq.gz,forward,ITS6,6,1,4/30/22,6,low,3,11,1
$PWD/plots/ITS7_01_AATGTCCT-CCACAGGT_S152_L001_R1_001.fastq.gz,forward,ITS7,7,1,4/30/22,7,low,1,2,2
$PWD/plots/ITS8_01_TCCTATGG-AGGTCATT_S165_L001_R1_001.fastq.gz,forward,ITS8,8,1,4/30/22,8,low,1,4,2
$PWD/plots/ITS9_01_GTGCCATA-CCGATCTT_S175_L001_R1_001.fastq.gz,forward,ITS9,9,1,4/30/22,9,low,2,6,2
$PWD/plots/ITS10_01_AATGTCCT-TAACTCTG_S2_L001_R1_001.fastq.gz,forward,ITS10,10,1,4/30/22,10,low,2,8,2
$PWD/plots/ITS11_02_CTAGCTAT-AGGTCATT_S10_L001_R1_001.fastq.gz,forward,ITS11,11,2,4/30/22,11,high,3,10,2
$PWD/plots/ITS12_02_GGTCTAAT-GTGTGTCA_S22_L001_R1_001.fastq.gz,forward,ITS12,12,2,4/30/22,12,none,3,12,2
$PWD/plots/ITS13_01_TGAATCCG-AGGTCATT_S33_L001_R1_001.fastq.gz,forward,ITS13,13,1,4/30/22,13,high,1,1,3
$PWD/plots/ITS14_02_TCCGCTAC-CCGATCTT_S44_L001_R1_001.fastq.gz,forward,ITS14,14,2,4/30/22,14,high,1,3,3
$PWD/plots/ITS15_01_CATGATGC-TAACTCTG_S55_L001_R1_001.fastq.gz,forward,ITS15,15,1,4/30/22,15,none,2,5,3
$PWD/plots/ITS16_01_CATGATGC-CCACAGGT_S66_L001_R1_001.fastq.gz,forward,ITS16,16,1,4/30/22,16,low,2,7,3
$PWD/plots/ITS17_02_TCAGCGTA-TAACTCTG_S78_L001_R1_001.fastq.gz,forward,ITS17,17,2,4/30/22,17,low,3,9,3
$PWD/plots/ITS18_02_TGTCCAGA-CCGATCTT_S89_L001_R1_001.fastq.gz,forward,ITS18,18,2,4/30/22,18,none,3,11,3
$PWD/plots/ITS19_02_CTAGCTAT-GTGTGTCA_S92_L001_R1_001.fastq.gz,forward,ITS19,19,2,4/30/22,19,low,1,2,4
$PWD/plots/ITS20_01_CTCAAGTG-TAAGATCC_S94_L001_R1_001.fastq.gz,forward,ITS20,20,1,4/30/22,20,high,1,4,4
$PWD/plots/ITS21_01_GTCAGTCT-TAAGATCC_S95_L001_R1_001.fastq.gz,forward,ITS21,21,1,4/30/22,21,none,2,6,4
$PWD/plots/ITS22_01_GTCAGTCT-AGGTCATT_S96_L001_R1_001.fastq.gz,forward,ITS22,22,1,4/30/22,22,high,2,8,4
$PWD/plots/ITS23_01_ATAGGCTC-TAAGATCC_S97_L001_R1_001.fastq.gz,forward,ITS23,23,1,4/30/22,23,none,3,10,4
$PWD/plots/ITS24_01_CATGATGC-CACTAATG_S98_L001_R1_001.fastq.gz,forward,ITS24,24,1,4/30/22,24,low,3,12,4
$PWD/plots/ITS25_01_GCCTTCCA-CCGATCTT_S99_L001_R1_001.fastq.gz,forward,ITS25,25,1,4/30/22,25,high,1,1,5
$PWD/plots/ITS26_01_AGTCGTCA-GTGTGTCA_S100_L001_R1_001.fastq.gz,forward,ITS26,26,1,4/30/22,26,none,1,3,5
$PWD/plots/ITS27_01_CATGATGC-TTCTAGAC_S101_L001_R1_001.fastq.gz,forward,ITS27,27,1,4/30/22,27,high,2,5,5
$PWD/plots/ITS28_01_ACCTGGAT-TAAGATCC_S102_L001_R1_001.fastq.gz,forward,ITS28,28,1,4/30/22,28,none,2,7,5
$PWD/plots/ITS29_01_CTCAAGTG-TAACTCTG_S103_L001_R1_001.fastq.gz,forward,ITS29,29,1,4/30/22,29,none,3,9,5
$PWD/plots/ITS30_02_CGGTACAT-TTCTAGAC_S105_L001_R1_001.fastq.gz,forward,ITS30,30,2,4/30/22,30,low,3,11,5
$PWD/plots/ITS31_01_TGAATCCG-GTGTGTCA_S106_L001_R1_001.fastq.gz,forward,ITS31,31,1,4/30/22,31,none,1,2,6
$PWD/plots/ITS32_02_CACCGCTT-TAACTCTG_S107_L001_R1_001.fastq.gz,forward,ITS32,32,2,4/30/22,32,low,1,4,6
$PWD/plots/ITS33_01_GTCAGTCT-GTGTGTCA_S108_L001_R1_001.fastq.gz,forward,ITS33,33,1,4/30/22,33,none,2,6,6
$PWD/plots/ITS34_01_AGTCGTCA-TAAGATCC_S109_L001_R1_001.fastq.gz,forward,ITS34,34,1,4/30/22,34,low,2,8,6
$PWD/plots/ITS35_02_CTAGCTAT-TAACTCTG_S110_L001_R1_001.fastq.gz,forward,ITS35,35,2,4/30/22,35,high,3,10,6
$PWD/plots/ITS36_02_TATGCATG-GTGTGTCA_S111_L001_R1_001.fastq.gz,forward,ITS36,36,2,4/30/22,36,high,3,12,6
$PWD/plots/ITS37_01_TGAATCCG-TTCTAGAC_S112_L001_R1_001.fastq.gz,forward,ITS37,37,1,6/9/22,1,none,1,1,1
$PWD/plots/ITS38_01_TTGCGGAG-TTCTAGAC_S113_L001_R1_001.fastq.gz,forward,ITS38,38,1,6/9/22,2,none,1,3,1
$PWD/plots/ITS39_01_ACCTGGAT-AGGTCATT_S114_L001_R1_001.fastq.gz,forward,ITS39,39,1,6/9/22,3,high,2,5,1
$PWD/plots/ITS40_01_AGTCGTCA-AGGTCATT_S116_L001_R1_001.fastq.gz,forward,ITS40,40,1,6/9/22,4,high,2,7,1
$PWD/plots/ITS41_01_TTGCGGAG-CCACAGGT_S117_L001_R1_001.fastq.gz,forward,ITS41,41,1,6/9/22,5,high,3,9,1
$PWD/plots/ITS42_01_CTCAAGTG-CCACAGGT_S118_L001_R1_001.fastq.gz,forward,ITS42,42,1,6/9/22,6,low,3,11,1
$PWD/plots/ITS43_02_TGCAAGCA-TTCTAGAC_S120_L001_R1_001.fastq.gz,forward,ITS43,43,2,6/9/22,7,low,1,2,2
$PWD/plots/ITS44_02_GGTCTAAT-CCGATCTT_S121_L001_R1_001.fastq.gz,forward,ITS44,44,2,6/9/22,8,low,1,4,2
$PWD/plots/ITS45_01_TGAATCCG-TAAGATCC_S122_L001_R1_001.fastq.gz,forward,ITS45,45,1,6/9/22,9,low,2,6,2
$PWD/plots/ITS46_02_GGTCTAAT-TAAGATCC_S123_L001_R1_001.fastq.gz,forward,ITS46,46,2,6/9/22,10,low,2,8,2
$PWD/plots/ITS47_01_CTCAAGTG-GTGTGTCA_S124_L001_R1_001.fastq.gz,forward,ITS47,47,1,6/9/22,11,high,3,10,2
$PWD/plots/ITS48_01_TTGCGGAG-TAACTCTG_S125_L001_R1_001.fastq.gz,forward,ITS48,48,1,6/9/22,12,none,3,12,2
$PWD/plots/ITS49_02_CGGTACAT-AGGTCATT_S126_L001_R1_001.fastq.gz,forward,ITS49,49,2,6/9/22,13,high,1,1,3
$PWD/plots/ITS50_02_GACCTTAG-TAACTCTG_S128_L001_R1_001.fastq.gz,forward,ITS50,50,2,6/9/22,14,high,1,3,3
$PWD/plots/ITS51_01_GCCTTCCA-TTCTAGAC_S129_L001_R1_001.fastq.gz,forward,ITS51,51,1,6/9/22,15,none,2,5,3
$PWD/plots/ITS52_01_GTGCCATA-TTCTAGAC_S130_L001_R1_001.fastq.gz,forward,ITS52,52,1,6/9/22,16,low,2,7,3
$PWD/plots/ITS53_02_TGTCCAGA-TAACTCTG_S132_L001_R1_001.fastq.gz,forward,ITS53,53,2,6/9/22,17,low,3,9,3
$PWD/plots/ITS54_02_CGGTACAT-CCGATCTT_S133_L001_R1_001.fastq.gz,forward,ITS54,54,2,6/9/22,18,none,3,11,3
$PWD/plots/ITS55_02_TCCGCTAC-CACTAATG_S134_L001_R1_001.fastq.gz,forward,ITS55,55,2,6/9/22,19,low,1,2,4
$PWD/plots/ITS56_01_ATAGGCTC-TAACTCTG_S135_L001_R1_001.fastq.gz,forward,ITS56,56,1,6/9/22,20,high,1,4,4
$PWD/plots/ITS57_02_GCGAGGTT-TAACTCTG_S136_L001_R1_001.fastq.gz,forward,ITS57,57,2,6/9/22,21,none,2,6,4
$PWD/plots/ITS58_02_TCAGCGTA-TTCTAGAC_S137_L001_R1_001.fastq.gz,forward,ITS58,58,2,6/9/22,22,high,2,8,4
$PWD/plots/ITS59_02_GACCTTAG-AGGTCATT_S138_L001_R1_001.fastq.gz,forward,ITS59,59,2,6/9/22,23,none,3,10,4
$PWD/plots/ITS60_01_CATGATGC-GTGTGTCA_S140_L001_R1_001.fastq.gz,forward,ITS60,60,1,6/9/22,24,low,3,12,4
$PWD/plots/ITS61_02_TCAGCGTA-CCGATCTT_S141_L001_R1_001.fastq.gz,forward,ITS61,61,2,6/9/22,25,high,1,1,5
$PWD/plots/ITS62_01_GTGCCATA-TAACTCTG_S142_L001_R1_001.fastq.gz,forward,ITS62,62,1,6/9/22,26,none,1,3,5
$PWD/plots/ITS63_02_GGTCTAAT-CACTAATG_S143_L001_R1_001.fastq.gz,forward,ITS63,63,2,6/9/22,27,high,2,5,5
$PWD/plots/ITS64_01_GTCAGTCT-CACTAATG_S144_L001_R1_001.fastq.gz,forward,ITS64,64,1,6/9/22,28,none,2,7,5
$PWD/plots/ITS65_01_GTCAGTCT-TAACTCTG_S145_L001_R1_001.fastq.gz,forward,ITS65,65,1,6/9/22,29,none,3,9,5
$PWD/plots/ITS66_02_CACCGCTT-AGGTCATT_S147_L001_R1_001.fastq.gz,forward,ITS66,66,2,6/9/22,30,low,3,11,5
$PWD/plots/ITS67_01_GTGCCATA-GTGTGTCA_S148_L001_R1_001.fastq.gz,forward,ITS67,67,1,6/9/22,31,none,1,2,6
$PWD/plots/ITS68_01_GCCTTCCA-AGGTCATT_S150_L001_R1_001.fastq.gz,forward,ITS68,68,1,6/9/22,32,low,1,4,6
$PWD/plots/ITS69_02_TATGCATG-TAAGATCC_S151_L001_R1_001.fastq.gz,forward,ITS69,69,2,6/9/22,33,none,2,6,6
$PWD/plots/ITS70_02_GCGAGGTT-AGGTCATT_S153_L001_R1_001.fastq.gz,forward,ITS70,70,2,6/9/22,34,low,2,8,6
$PWD/plots/ITS71_02_TATGCATG-TTCTAGAC_S154_L001_R1_001.fastq.gz,forward,ITS71,71,2,6/9/22,35,high,3,10,6
$PWD/plots/ITS72_01_ATAGGCTC-AGGTCATT_S155_L001_R1_001.fastq.gz,forward,ITS72,72,1,6/9/22,36,high,3,12,6
$PWD/plots/ITS73_02_TGCAAGCA-TAACTCTG_S156_L001_R1_001.fastq.gz,forward,ITS73,73,2,7/15/22,1,none,1,1,1
$PWD/plots/ITS74_01_AGTCGTCA-CCACAGGT_S157_L001_R1_001.fastq.gz,forward,ITS74A,74A,1,7/15/22,2,none,1,3,1
$PWD/plots/ITS74_01_AGTCGTCA-CCACAGGT_S157_L001_R1_001.fastq.gz,forward,ITS74B,74B,1,7/15/22,2,none,1,3,1
$PWD/plots/ITS74_01_AGTCGTCA-CCACAGGT_S157_L001_R1_001.fastq.gz,forward,ITS74,74,1,7/15/22,2,none,1,3,1
$PWD/plots/ITS75_01_AATGTCCT-AGGTCATT_S160_L001_R1_001.fastq.gz,forward,ITS75,75,1,7/15/22,3,high,2,5,1
$PWD/plots/ITS76_01_ACCTGGAT-TTCTAGAC_S161_L001_R1_001.fastq.gz,forward,ITS76,76,1,7/15/22,4,high,2,7,1
$PWD/plots/ITS77_02_GCGAGGTT-TTCTAGAC_S162_L001_R1_001.fastq.gz,forward,ITS77,77,2,7/15/22,5,high,3,9,1
$PWD/plots/ITS78_02_GCGAGGTT-CCGATCTT_S163_L001_R1_001.fastq.gz,forward,ITS78,78,2,7/15/22,6,low,3,11,1
$PWD/plots/ITS79_02_TGCAAGCA-GTGTGTCA_S164_L001_R1_001.fastq.gz,forward,ITS79,79,2,7/15/22,7,low,1,2,2
$PWD/plots/ITS80_01_CTCAAGTG-TTCTAGAC_S166_L001_R1_001.fastq.gz,forward,ITS80,80,1,7/15/22,8,low,1,4,2
$PWD/plots/ITS81_02_AGGTTGGC-CCGATCTT_S167_L001_R1_001.fastq.gz,forward,ITS81,81,2,7/15/22,9,low,2,6,2
$PWD/plots/ITS82_02_CGGTACAT-CACTAATG_S168_L001_R1_001.fastq.gz,forward,ITS82,82,2,7/15/22,10,low,2,8,2
$PWD/plots/ITS83_01_AATGTCCT-TAAGATCC_S169_L001_R1_001.fastq.gz,forward,ITS83,83,1,7/15/22,11,high,3,10,2
$PWD/plots/ITS84_02_AGGTTGGC-TAACTCTG_S170_L001_R1_001.fastq.gz,forward,ITS84,84,2,7/15/22,12,none,3,12,2
$PWD/plots/ITS85_02_GGTCTAAT-TAACTCTG_S171_L001_R1_001.fastq.gz,forward,ITS85,85,2,7/15/22,13,high,1,1,3
$PWD/plots/ITS87_02_GGTCTAAT-TTCTAGAC_S172_L001_R1_001.fastq.gz,forward,ITS87,87,2,7/15/22,15,none,2,5,3
$PWD/plots/ITS88_02_CTAGCTAT-TTCTAGAC_S173_L001_R1_001.fastq.gz,forward,ITS88,88,2,7/15/22,16,low,2,7,3
$PWD/plots/ITS89_01_GTCAGTCT-TTCTAGAC_S174_L001_R1_001.fastq.gz,forward,ITS89,89,1,7/15/22,17,low,3,9,3
$PWD/plots/ITS90_01_ATAGGCTC-CCACAGGT_S176_L001_R1_001.fastq.gz,forward,ITS90,90,1,7/15/22,18,none,3,11,3
$PWD/plots/ITS91_01_TCCTATGG-TAACTCTG_S177_L001_R1_001.fastq.gz,forward,ITS91,91,1,7/15/22,19,low,1,2,4
$PWD/plots/ITS92_01_GTCAGTCT-CCGATCTT_S178_L001_R1_001.fastq.gz,forward,ITS92,92,1,7/15/22,20,high,1,4,4
$PWD/plots/ITS93_02_CTAGCTAT-TAAGATCC_S179_L001_R1_001.fastq.gz,forward,ITS93,93,2,7/15/22,21,none,2,6,4
$PWD/plots/ITS94_02_TGCAAGCA-CCACAGGT_S180_L001_R1_001.fastq.gz,forward,ITS94,94,2,7/15/22,22,high,2,8,4
$PWD/plots/ITS95_01_ATAGGCTC-TTCTAGAC_S181_L001_R1_001.fastq.gz,forward,ITS95,95,1,7/15/22,23,none,3,10,4
$PWD/plots/ITS96_02_TATGCATG-AGGTCATT_S182_L001_R1_001.fastq.gz,forward,ITS96,96,2,7/15/22,24,low,3,12,4
$PWD/plots/ITS97_02_GACCTTAG-GTGTGTCA_S183_L001_R1_001.fastq.gz,forward,ITS97,97,2,7/15/22,25,high,1,1,5
$PWD/plots/ITS98_02_GACCTTAG-TAAGATCC_S184_L001_R1_001.fastq.gz,forward,ITS98,98,2,7/15/22,26,none,1,3,5
$PWD/plots/ITS99_02_GACCTTAG-CCGATCTT_S185_L001_R1_001.fastq.gz,forward,ITS99,99,2,7/15/22,27,high,2,5,5
$PWD/plots/ITS100_01_CATGATGC-CCGATCTT_S3_L001_R1_001.fastq.gz,forward,ITS100,100,1,7/15/22,28,none,2,7,5
$PWD/plots/ITS101_01_TTGCGGAG-TAAGATCC_S4_L001_R1_001.fastq.gz,forward,ITS101,101,1,7/15/22,29,none,3,9,5
$PWD/plots/ITS103_02_AGGTTGGC-GTGTGTCA_S5_L001_R1_001.fastq.gz,forward,ITS103,103,2,7/15/22,31,none,1,2,6
$PWD/plots/ITS105_02_TGCAAGCA-CCGATCTT_S6_L001_R1_001.fastq.gz,forward,ITS105,105,2,7/15/22,33,none,2,6,6
$PWD/plots/ITS106_02_CACCGCTT-TAAGATCC_S7_L001_R1_001.fastq.gz,forward,ITS106,106,2,7/15/22,34,low,2,8,6
$PWD/plots/ITS108_01_ACCTGGAT-CCGATCTT_S8_L001_R1_001.fastq.gz,forward,ITS108,108,1,7/15/22,36,high,3,12,6
$PWD/plots/ITS109_02_GACCTTAG-CACTAATG_S9_L001_R1_001.fastq.gz,forward,ITS109,109,2,8/23/22,1,none,1,1,1
$PWD/plots/ITS110_01_GCCTTCCA-TAACTCTG_S11_L001_R1_001.fastq.gz,forward,ITS110,110,1,8/23/22,2,none,1,3,1
$PWD/plots/ITS111_02_CTAGCTAT-CCGATCTT_S12_L001_R1_001.fastq.gz,forward,ITS111,111,2,8/23/22,3,high,2,5,1
$PWD/plots/ITS112_02_TCAGCGTA-CACTAATG_S13_L001_R1_001.fastq.gz,forward,ITS112,112,2,8/23/22,4,high,2,7,1
$PWD/plots/ITS113_01_AATGTCCT-GTGTGTCA_S14_L001_R1_001.fastq.gz,forward,ITS113,113,1,8/23/22,5,high,3,9,1
$PWD/plots/ITS114_02_AGGTTGGC-TTCTAGAC_S15_L001_R1_001.fastq.gz,forward,ITS114,114,2,8/23/22,6,low,3,11,1
$PWD/plots/ITS115_02_CTAGCTAT-CCACAGGT_S16_L001_R1_001.fastq.gz,forward,ITS115,115,2,8/23/22,7,low,1,2,2
$PWD/plots/ITS116_01_CATGATGC-AGGTCATT_S17_L001_R1_001.fastq.gz,forward,ITS116,116,1,8/23/22,8,low,1,4,2
$PWD/plots/ITS117_02_AGGTTGGC-TAAGATCC_S19_L001_R1_001.fastq.gz,forward,ITS117,117,2,8/23/22,9,low,2,6,2
$PWD/plots/ITS118_01_TTGCGGAG-CACTAATG_S20_L001_R1_001.fastq.gz,forward,ITS118,118,1,8/23/22,10,low,2,8,2
$PWD/plots/ITS119_02_TCCGCTAC-GTGTGTCA_S21_L001_R1_001.fastq.gz,forward,ITS119,119,2,8/23/22,11,high,3,10,2
$PWD/plots/ITS120_02_GACCTTAG-TTCTAGAC_S23_L001_R1_001.fastq.gz,forward,ITS120,120,2,8/23/22,12,none,3,12,2
$PWD/plots/ITS121_01_AGTCGTCA-CACTAATG_S24_L001_R1_001.fastq.gz,forward,ITS121,121,1,8/23/22,13,high,1,1,3
$PWD/plots/ITS122_01_ACCTGGAT-CCACAGGT_S25_L001_R1_001.fastq.gz,forward,ITS122,122,1,8/23/22,14,high,1,3,3
$PWD/plots/ITS123_02_AGGTTGGC-CACTAATG_S26_L001_R1_001.fastq.gz,forward,ITS123,123,2,8/23/22,15,none,2,5,3
$PWD/plots/ITS124_01_TCCTATGG-CACTAATG_S27_L001_R1_001.fastq.gz,forward,ITS124,124,1,8/23/22,16,low,2,7,3
$PWD/plots/ITS125_02_TATGCATG-TAACTCTG_S28_L001_R1_001.fastq.gz,forward,ITS125,125,2,8/23/22,17,low,3,9,3
$PWD/plots/ITS126_01_ACCTGGAT-GTGTGTCA_S29_L001_R1_001.fastq.gz,forward,ITS126,126,1,8/23/22,18,none,3,11,3
$PWD/plots/ITS127_02_GCGAGGTT-TAAGATCC_S30_L001_R1_001.fastq.gz,forward,ITS127,127,2,8/23/22,19,low,1,2,4
$PWD/plots/ITS128_01_ACCTGGAT-CACTAATG_S31_L001_R1_001.fastq.gz,forward,ITS128,128,1,8/23/22,20,high,1,4,4
$PWD/plots/ITS129_01_GTGCCATA-TAAGATCC_S32_L001_R1_001.fastq.gz,forward,ITS129,129,1,8/23/22,21,none,2,6,4
$PWD/plots/ITS130_01_ACCTGGAT-TAACTCTG_S34_L001_R1_001.fastq.gz,forward,ITS130,130,1,8/23/22,22,high,2,8,4
$PWD/plots/ITS131_01_CTCAAGTG-AGGTCATT_S35_L001_R1_001.fastq.gz,forward,ITS131,131,1,8/23/22,23,none,3,10,4
$PWD/plots/ITS132_02_TCCGCTAC-TAAGATCC_S36_L001_R1_001.fastq.gz,forward,ITS132,132,2,8/23/22,24,low,3,12,4
$PWD/plots/ITS133_01_AATGTCCT-CCGATCTT_S37_L001_R1_001.fastq.gz,forward,ITS133,133,1,8/23/22,25,high,1,1,5
$PWD/plots/ITS134_01_GCCTTCCA-CCACAGGT_S38_L001_R1_001.fastq.gz,forward,ITS134,134,1,8/23/22,26,none,1,3,5
$PWD/plots/ITS136_01_AGTCGTCA-TTCTAGAC_S40_L001_R1_001.fastq.gz,forward,ITS136,136,1,8/23/22,28,none,2,7,5
$PWD/plots/ITS137_02_GGTCTAAT-AGGTCATT_S41_L001_R1_001.fastq.gz,forward,ITS137,137,2,8/23/22,29,none,3,9,5
$PWD/plots/ITS138_02_TGTCCAGA-TAAGATCC_S42_L001_R1_001.fastq.gz,forward,ITS138,138,2,8/23/22,30,low,3,11,5
$PWD/plots/ITS139_02_TCAGCGTA-GTGTGTCA_S43_L001_R1_001.fastq.gz,forward,ITS139,139,2,8/23/22,31,none,1,2,6
$PWD/plots/ITS140_01_TCCTATGG-TAAGATCC_S45_L001_R1_001.fastq.gz,forward,ITS140,140,1,8/23/22,32,low,1,4,6
$PWD/plots/ITS141_02_CTAGCTAT-CACTAATG_S46_L001_R1_001.fastq.gz,forward,ITS141,141,2,8/23/22,33,none,2,6,6
$PWD/plots/ITS142_01_ATAGGCTC-GTGTGTCA_S47_L001_R1_001.fastq.gz,forward,ITS142,142,1,8/23/22,34,low,2,8,6
$PWD/plots/ITS143_02_CGGTACAT-GTGTGTCA_S48_L001_R1_001.fastq.gz,forward,ITS143,143,2,8/23/22,35,high,3,10,6
$PWD/plots/ITS144_01_TCCTATGG-GTGTGTCA_S49_L001_R1_001.fastq.gz,forward,ITS144,144,1,8/23/22,36,high,3,12,6
$PWD/plots/ITS145_02_CGGTACAT-TAACTCTG_S50_L001_R1_001.fastq.gz,forward,ITS145,145,2,10/4/22,1,none,1,1,1
$PWD/plots/ITS146_02_TGCAAGCA-AGGTCATT_S51_L001_R1_001.fastq.gz,forward,ITS146,146,2,10/4/22,2,none,1,3,1
$PWD/plots/ITS147_02_TCCGCTAC-TAACTCTG_S52_L001_R1_001.fastq.gz,forward,ITS147,147,2,10/4/22,3,high,2,5,1
$PWD/plots/ITS148_02_CGGTACAT-TAAGATCC_S53_L001_R1_001.fastq.gz,forward,ITS148,148,2,10/4/22,4,high,2,7,1
$PWD/plots/ITS149_01_AATGTCCT-CACTAATG_S54_L001_R1_001.fastq.gz,forward,ITS149,149,1,10/4/22,5,high,3,9,1
$PWD/plots/ITS150_02_TGTCCAGA-AGGTCATT_S56_L001_R1_001.fastq.gz,forward,ITS150,150,2,10/4/22,6,low,3,11,1
$PWD/plots/ITS151_02_TCAGCGTA-TAAGATCC_S57_L001_R1_001.fastq.gz,forward,ITS151,151,2,10/4/22,7,low,1,2,2
$PWD/plots/ITS152_02_GCGAGGTT-CCACAGGT_S58_L001_R1_001.fastq.gz,forward,ITS152,152,2,10/4/22,8,low,1,4,2
$PWD/plots/ITS153_02_AGGTTGGC-AGGTCATT_S59_L001_R1_001.fastq.gz,forward,ITS153,153,2,10/4/22,9,low,2,6,2
$PWD/plots/ITS154_01_TCCTATGG-TTCTAGAC_S60_L001_R1_001.fastq.gz,forward,ITS154,154,1,10/4/22,10,low,2,8,2
$PWD/plots/ITS155_01_CTCAAGTG-CCGATCTT_S61_L001_R1_001.fastq.gz,forward,ITS155,155,1,10/4/22,11,high,3,10,2
$PWD/plots/ITS156_01_AGTCGTCA-CCGATCTT_S62_L001_R1_001.fastq.gz,forward,ITS156,156,1,10/4/22,12,none,3,12,2
$PWD/plots/ITS157_01_TGAATCCG-CCGATCTT_S63_L001_R1_001.fastq.gz,forward,ITS157,157,1,10/4/22,13,high,1,1,3
$PWD/plots/ITS158_01_TCCTATGG-CCGATCTT_S64_L001_R1_001.fastq.gz,forward,ITS158,158,1,10/4/22,14,high,1,3,3
$PWD/plots/ITS159_02_CACCGCTT-GTGTGTCA_S65_L001_R1_001.fastq.gz,forward,ITS159,159,2,10/4/22,15,none,2,5,3
$PWD/plots/ITS160_02_TGTCCAGA-GTGTGTCA_S67_L001_R1_001.fastq.gz,forward,ITS160,160,2,10/4/22,16,low,2,7,3
$PWD/plots/ITS161_01_TGAATCCG-CCACAGGT_S68_L001_R1_001.fastq.gz,forward,ITS161,161,1,10/4/22,17,low,3,9,3
$PWD/plots/ITS162_02_TATGCATG-CCACAGGT_S70_L001_R1_001.fastq.gz,forward,ITS162,162,2,10/4/22,18,none,3,11,3
$PWD/plots/ITS163_02_GACCTTAG-CCACAGGT_S71_L001_R1_001.fastq.gz,forward,ITS163,163,2,10/4/22,19,low,1,2,4
$PWD/plots/ITS164_02_CACCGCTT-TTCTAGAC_S72_L001_R1_001.fastq.gz,forward,ITS164,164,2,10/4/22,20,high,1,4,4
$PWD/plots/ITS165_02_TCAGCGTA-AGGTCATT_S73_L001_R1_001.fastq.gz,forward,ITS165,165,2,10/4/22,21,none,2,6,4
$PWD/plots/ITS166_01_TTGCGGAG-AGGTCATT_S74_L001_R1_001.fastq.gz,forward,ITS166,166,1,10/4/22,22,high,2,8,4
$PWD/plots/ITS167_02_TATGCATG-CACTAATG_S75_L001_R1_001.fastq.gz,forward,ITS167,167,2,10/4/22,23,none,3,10,4
$PWD/plots/ITS168_01_GTGCCATA-CCACAGGT_S76_L001_R1_001.fastq.gz,forward,ITS168,168,1,10/4/22,24,low,3,12,4
$PWD/plots/ITS169_02_TCCGCTAC-TTCTAGAC_S77_L001_R1_001.fastq.gz,forward,ITS169,169,2,10/4/22,25,high,1,1,5
$PWD/plots/ITS170_01_TTGCGGAG-GTGTGTCA_S79_L001_R1_001.fastq.gz,forward,ITS170,170,1,10/4/22,26,none,1,3,5
$PWD/plots/ITS171_01_GCCTTCCA-GTGTGTCA_S80_L001_R1_001.fastq.gz,forward,ITS171,171,1,10/4/22,27,high,2,5,5
$PWD/plots/ITS172_01_TGAATCCG-TAACTCTG_S81_L001_R1_001.fastq.gz,forward,ITS172,172,1,10/4/22,28,none,2,7,5
$PWD/plots/ITS173_01_CTCAAGTG-CACTAATG_S82_L001_R1_001.fastq.gz,forward,ITS173,173,1,10/4/22,29,none,3,9,5
$PWD/plots/ITS174_02_GCGAGGTT-CACTAATG_S83_L001_R1_001.fastq.gz,forward,ITS174,174,2,10/4/22,30,low,3,11,5
$PWD/plots/ITS175_01_GTGCCATA-AGGTCATT_S84_L001_R1_001.fastq.gz,forward,ITS175,175,1,10/4/22,31,none,1,2,6
$PWD/plots/ITS176_01_GCCTTCCA-TAAGATCC_S85_L001_R1_001.fastq.gz,forward,ITS176,176,1,10/4/22,32,low,1,4,6
$PWD/plots/ITS177_02_TGCAAGCA-TAAGATCC_S86_L001_R1_001.fastq.gz,forward,ITS177,177,2,10/4/22,33,none,2,6,6
$PWD/plots/ITS178_01_TTGCGGAG-CCGATCTT_S87_L001_R1_001.fastq.gz,forward,ITS178,178,1,10/4/22,34,low,2,8,6
$PWD/plots/ITS179_01_ATAGGCTC-CCGATCTT_S88_L001_R1_001.fastq.gz,forward,ITS179,179,1,10/4/22,35,high,3,10,6
$PWD/plots/ITS180_01_AATGTCCT-TTCTAGAC_S90_L001_R1_001.fastq.gz,forward,ITS180,180,1,10/4/22,36,high,3,12,6